#{"t_start": 1713286286.6452653, "env_id": "SuperMarioBros2-v1"}
r,l,t
229.0,340,4.455329
226.0,560,8.607145
292.0,1128,22.827972
